{
  "product": "IC",
  "timestamp": "2025-09-23T09:30:50.286996",
  "best_params": {
    "ma_period": 10.0,
    "std_period": 10.0,
    "k": 1.3899113098564377
  },
  "best_sharpe": 2.576477194812843,
  "poly_coeffs": {
    "ma_period": [
      8.191732634129838e-05,
      -0.014872744379150265,
      0.8544392054770359
    ],
    "std_period": [
      4.533971280363483e-05,
      -0.011192293388196443,
      0.5852269023584389
    ],
    "k": [
      -0.06131139436040681,
      0.2931450988137481,
      0.038199458412018904
    ]
  },
  "poly_degree": 2,
  "param_ranges": {
    "ma_period": [
      10,
      100
    ],
    "std_period": [
      5,
      50
    ],
    "k": [
      1.0,
      4.0
    ]
  },
  "model_performance": {
    "train_r2": 0.9679683790672027,
    "test_r2": 0.9367488082328522
  }
}