{
  "n_samples": 100,
  "parameters": {
    "ma_period": 12,
    "std_period": 12,
    "k_value": 1.1692347370813008
  },
  "optimization_result": {
    "best_params": [
      12.0,
      12.0,
      1.1692347370813008
    ],
    "predicted_sharpe": 1.368455363489672,
    "model_performance": {
      "train_r2": 0.9204137986669342,
      "test_r2": 0.5451567715712979
    }
  },
  "timestamp": "2025-09-22 21:09:38.825316",
  "version": "1.0"
}